id;rank;name;employees;previousrank;revenues;revenuechange;profits;profitschange;assets;marketvalue,,,
2;1;Walmart;2300000;1;485873;0.8%;13,643.0 ;-7.2%;198,825;218619,
3;2;Berkshire Hathaway;3677;4;223604;6.1%;24,074.0 ;0.0%;620,854;411035,
4;3;Apple;116;3;215639;-7.7%;45,687.0 ;-14.4%;321,686;753718,
5;4;Exxon Mobil;727;2;205004;-16.7%;7,840.0 ;-51.5%;330,314;340056,
6;5;McKesson;68;5;192487;6.2%;2,258.0 ;53.0%;56,563;31439,
7;6;UnitedHealth Group;230;6;184840;17.7%;7,017.0 ;20.7%;122,810;157793,
8;7;CVS Health;204;7;177526;15.8%;5,317.0 ;1.5%;94,462;81310,
9;8;General Motors;225;8;166380;9.2%;9,427.0 ;-2.7%;221,690;52968,
10;9;AT&T;26854;10;163786;11.6%;12,976.0 ;-2.8%;403,821;255679,
11;10;Ford Motor;201;9;151800;1.5%;4,596.0 ;-37.7%;237,951;46349,
12;11;AmerisourceBergen;185;12;146850;8.0%;1,427.9 ;0;33,656;19229,
13;12;Amazon.com;3414;18;135987;27.1%;2,371.0 ;297.8%;83,402;423031,
14;13;General Electric;295;11;126661;-9.8%;8,831.0 ;0;365,183;259520,
15;14;Verizon;1609;13;125980;-4.3%;13,127.0 ;-26.6%;244,180;198900,
16;15;Cardinal Health;373;21;121546;18.5%;1,427.0 ;17.4%;34,122;25725,
17;16;Costco;172;15;118719;2.2%;2,350.0 ;-1.1%;33,163;73606,
18;17;Walgreens Boots Alliance;300;19;117351;13.4%;4,173.0 ;-1.1%;72,688;89645,
19;18;Kroger;443;17;115337;5.0%;1,975.0 ;-3.1%;36,505;26961,
20;19;Chevron;552;14;107567;-18.0%;-497.0 ;-110.8%;260,078;203263,,
21;20;Fannie Mae;7;16;107162;-2.9%;12,313.0 ;12.4%;3,287,968;3011
22;21;J.P. Morgan Chase;243355;23;105486;4.4%;24,733.0 ;1.2%;2,490,972;313761
23;22;Express Scripts Holding;256;22;100288;-1.4%;3,404.4 ;37.5%;51,745;39567,
24;23;Home Depot;406;28;94595;6.9%;7,957.0 ;13.5%;42,966;176368,
25;24;Boeing;15054;24;94571;-1.6%;4,895.0 ;-5.4%;89,997;107546,
26;25;Wells Fargo;2691;27;94176;4.6%;21,938.0 ;-4.2%;1,930,115;278516
27;26;Bank of America Corp.;208024;26;93662;0.7%;17,906.0 ;12.7%;2,187,702;236182
28;27;Alphabet;72053;36;90272;20.4%;19,478.0 ;19.1%;167,497;579426,
29;28;Microsoft;114;25;85320;-8.8%;16,798.0 ;37.8%;193,694;508935,
30;29;Anthem;53;33;84863;7.2%;2,469.8 ;-3.5%;65,083;43813,
31;30;Citigroup;219;29;82386;-6.7%;14,912.0 ;-13.5%;1,792,077;165394
32;31;Comcast;159;37;80403;7.9%;8,695.0 ;6.5%;180,500;178258,
33;32;IBM;4144;31;79919;-3.1%;11,872.0 ;-10.0%;117,470;164251,
34;33;State Farm Insurance Cos.;68234;35;76132;0.6%;350.3 ;-94.4%;256,030;0,,
35;34;Phillips 66;148;30;72396;-16.9%;1,555.0 ;-63.2%;51,653;40954,
36;35;Johnson & Johnson;1264;39;71890;2.6%;16,540.0 ;7.3%;141,208;337642,
37;36;Procter & Gamble;105;34;71726;-8.9%;10,508.0 ;49.3%;127,136;229700,
38;37;Valero Energy;9996;32;70166;-14.2%;2,289.0 ;-42.6%;46,173;29746,
39;38;Target;323;38;69495;-5.8%;2,737.0 ;-18.6%;37,431;30502,
40;39;Freddie Mac;5982;43;65665;3.4%;7,815.0 ;22.6%;2,23,376;1612
41;40;Lowe;240;47;65017;10.1%;3,093.0 ;21.5%;34,408;70481,
42;41;Dell Technologies;138;;64806;18.1%;-1,672.0 ;0;118,206;0,
43;42;MetLife;58;40;63476;-9.3%;800.0 ;-84.9%;898,764;57429,,
44;43;Aetna;495;46;63155;4.7%;2,271.0 ;-5.0%;69,146;44859,
45;44;PepsiCo;264;44;62799;-0.4%;6,329.0 ;16.1%;74,129;159763,
46;45;Archer Daniels Midland;318;41;62346;-7.9%;1,279.0 ;-30.8%;39,769;26274,
47;46;UPS;33552;48;60906;4.4%;3,431.0 ;-29.2%;40,377;93276,
48;47;Intel;106;51;59387;7.3%;10,316.0 ;-9.7%;113,327;170539,
49;48;Prudential Financial;49739;50;58779;2.9%;4,368.0 ;-22.6%;783,962;45912,
50;49;Albertsons Cos.;274;;58734;115.9%;-502.2 ;0;23,770;0,,
51;50;United Technologies;2016;45;57244;-6.2%;5,055.0 ;-33.6%;89,706;89957,
52;51;Marathon Petroleum;4446;42;55858;-13.5%;1,174.0 ;-58.8%;44,413;26679,
53;52;Disney;195;53;55632;6.0%;9,391.0 ;12.0%;92,033;179298,
54;53;Humana;516;52;54379;0.2%;614.0 ;-51.9%;25,396;29743,,
55;54;Pfizer;965;55;52824;8.1%;7,215.0 ;3.7%;171,615;203725,
56;55;AIG;564;49;52367;-10.2%;-849.0 ;-138.7%;498,264;61154,,
57;56;Lockheed Martin;97;60;50658;9.8%;5,302.0 ;47.1%;47,806;77557,
58;57;Sysco;519;57;50367;3.5%;949.6 ;38.3%;16,722;28048,,
59;58;FedEx;335767;58;50365;6.1%;1,820.0 ;73.3%;46,064;52178,
60;59;Hewlett Packard Enterprise;195;;50123;-;3,161.0 ;0;79,679;39288,
61;60;Cisco Systems;737;54;49247;0.2%;10,739.0 ;19.6%;121,652;169266,
62;61;HP;49;20;48238;-53.3%;2,496.0 ;-45.2%;29,010;30231,
63;62;Dow Chemical;56;56;48158;-1.3%;4,318.0 ;-43.8%;79,511;77460,
64;63;HCA Holdings;2105;63;44747;2.7%;2,890.0 ;35.7%;33,758;32966,
65;64;Coca-Cola;1003;62;41863;-5.5%;6,527.0 ;-11.2%;87,270;182153,
66;65;New York Life Insurance;1132;61;40787;-11.1%;1,088.1 ;324.1%;287,196;0,
67;66;Centene;305;124;40721;78.6%;562.0 ;58.3%;20,197;12271,,
68;67;American Airlines Group;1223;67;40180;-2.0%;2,676.0 ;-64.8%;51,274;21326,
69;68;Nationwide;3432;69;40074;-0.4%;334.3 ;-42.4%;197,790;0,,
70;69;Merck;68;72;39807;0.8%;3,920.0 ;-11.8%;95,377;174454,
71;70;Cigna;41;79;39668;4.7%;1,867.0 ;-10.8%;59,360;37604,
72;71;Delta Air Lines;83756;68;39639;-2.6%;4,373.0 ;-3.4%;51,261;33586,
73;72;Best Buy;125;71;39403;-0.9%;1,228.0 ;36.9%;13,856;15193,
74;73;Honeywell International;131;75;39302;1.9%;4,809.0 ;0.9%;54,146;94991,
75;74;Caterpillar;954;59;38537;-18.0%;-67.0 ;-103.2%;74,704;54402,,
76;75;Liberty Mutual Insurance Group;50;73;38308;-2.9%;1,006.0 ;95.7%;125,592;0,
77;76;Morgan Stanley;55311;78;37949;0.1%;5,979.0 ;-2.4%;814,949;79947,
78;77;Massachusetts Mutual Life Insurance;11737;76;37788;-1.2%;1,273.5 ;-10.6%;271,040;0,
79;78;Goldman Sachs Group;344;74;37712;-3.8%;7,398.0 ;21.6%;860,165;91380,
80;79;Energy Transfer Equity;30992;65;37504;-11.0%;995.0 ;-16.3%;79,011;21292,,
81;80;TIAA;12997;82;37105;5.5%;1,492.3 ;22.9%;523,194;0,
82;81;Oracle;136;77;37047;-3.1%;8,901.0 ;-10.4%;112,180;183556,
83;82;Tyson Foods;114;66;36881;-10.9%;1,768.0 ;44.9%;22,373;22028,
84;83;United Continental Holdings;88;80;36556;-3.5%;2,263.0 ;-69.2%;40,140;22225,
85;84;Allstate;43275;81;36534;2.5%;1,877.0 ;-13.5%;108,610;29754,
86;85;Publix Super Markets;191;87;34274;5.1%;2,025.7 ;3.1%;17,464;0,
87;86;American Express;564;85;33823;-1.8%;5,408.0 ;4.7%;158,893;71193,
88;87;TJX;235;89;33184;7.2%;2,298.2 ;0.9%;12,884;51053,
89;88;Nike;707;91;32376;5.8%;3,760.0 ;14.9%;21,396;92204,
90;89;Exelon;34396;95;31360;6.5%;1,134.0 ;-50.0%;114,904;33309,
91;90;General Dynamics;988;88;31353;-0.4%;2,955.0 ;-0.3%;32,872;56791,
92;91;Rite Aid;7058;107;30737;15.9%;165.5 ;-92.2%;11,277;4473,,
93;92;Gilead Sciences;9;86;30390;-6.9%;13,501.0 ;-25.4%;56,977;88788,
94;93;CHS;12157;84;30347;-12.2%;424.2 ;-45.7%;17,318;0,,
95;94;3M;91584;93;30109;-0.5%;5,050.0 ;4.5%;32,906;114338,
96;95;Time Warner;25;99;29318;4.3%;3,926.0 ;2.4%;65,966;75660,
97;96;Charter Communications;915;292;29003;197.3%;3,522.0 ;0;149,067;100595,
98;97;Northwestern Mutual;5646;100;28799;2.4%;818.0 ;0.4%;250,441;0,,
99;98;Facebook;17048;157;27638;54.2%;10,217.0 ;177.0%;64,961;410522,
100;99;Travelers Cos.;309;105;27625;3.1%;3,014.0 ;-12.4%;100,245;33689,
101;100;Capital One Financial;473;112;27519;9.6%;3,751.0 ;-7.4%;357,033;41831,
102;101;Twenty-First Century Fox;215;96;27326;-5.7%;2,755.0 ;-66.8%;48,365;59949,
103;102;USAA;29943;114;27131;11.4%;1,779.1 ;-21.7%;147,290;0,
104;103;World Fuel Services;5;92;27016;-11.1%;126.5 ;-27.5%;5,413;2535,,
105;104;Philip Morris International;795;106;26685;-0.4%;6,967.0 ;1.4%;36,851;175349,
106;105;Deere;56767;97;26644;-7.7%;1,523.9 ;-21.4%;57,981;34648,
107;106;Kraft Heinz;41;153;26487;44.4%;3,632.0 ;472.9%;120,480;110528,
108;107;Tech Data;95;108;26235;-0.5%;195.1 ;-26.6%;7,932;3569,,
109;108;Avnet;177;102;26219;-6.1%;506.5 ;-11.4%;11,240;5898,,
110;109;Mondelez International;90;102;25923;-12.5%;1,659.0 ;-77.2%;61,538;65676,
111;110;Macy;1483;103;25778;-4.8%;619.0 ;-42.3%;19,851;9046,,
112;111;AbbVie;30;123;25638;12.2%;5,953.0 ;15.7%;66,099;103838,
113;112;McDonald;375;109;24622;-3.1%;4,686.5 ;3.5%;31,024;106150,
114;113;DuPont;46;101;24594;-12.0%;2,513.0 ;28.7%;39,964;69451,
115;114;Northrop Grumman;67;118;24508;4.2%;2,200.0 ;10.6%;25,614;41577,
116;115;ConocoPhillips;133;90;24360;-21.3%;-3,615.0 ;0;89,772;61692,
117;116;Raytheon;63;120;24069;3.5%;2,211.0 ;6.6%;30,052;44664,
118;117;Tesoro;6308;98;24005;-14.7%;734.0 ;-52.3%;20,398;9515,,
119;118;Arrow Electronics;187;119;23825;2.3%;522.8 ;5.0%;14,206;6546,,
120;119;Qualcomm;305;110;23554;-6.8%;5,705.0 ;8.2%;52,359;84694,
121;120;Progressive;31721;137;23441;12.4%;1,031.0 ;-18.7%;33,428;22760,
122;121;Duke Energy;28798;115;23369;-1.0%;2,152.0 ;-23.6%;132,761;57397,
123;122;Enterprise Products Partners;68;104;23022;-14.8%;2,513.1 ;-0.3%;52,194;58522,
124;123;Amgen;192;130;22991;6.1%;7,722.0 ;11.3%;77,626;120830,
125;124;US Foods Holding;25;122;22919;-0.9%;209.8 ;25.2%;8,945;6207,,
126;125;U.S. Bancorp;71191;131;22744;5.8%;5,888.0 ;0.2%;445,964;87201,
127;126;Aflac;10212;135;22559;8.1%;2,659.0 ;5.0%;129,819;29053,
128;127;Sears Holdings;140;111;22138;-12.0%;-2,221.0 ;0;9,362;1231,
129;128;Dollar General;121;139;21987;7.9%;1,251.1 ;7.4%;11,672;19182,
130;129;AutoNation;26;136;21609;3.6%;430.5 ;-2.7%;10,060;4268,,
131;130;Community Health Systems;108;125;21374;-5.8%;-1,721.0 ;0;21,944;1010,
132;131;Starbucks;254;146;21316;11.2%;2,817.7 ;2.2%;14,330;85092,
133;132;Eli Lilly;41975;141;21222;6.3%;2,737.6 ;13.7%;38,806;92803,
134;133;International Paper;55;127;21079;-5.8%;904.0 ;-3.6%;33,345;20884,,
135;134;Tenet Healthcare;116475;140;21070;4.8%;-192.0 ;0;24,701;1777,,
136;135;Abbott Laboratories;75;138;20853;0.9%;1,400.0 ;-68.3%;52,666;76740,
137;136;Dollar Tree;11605;180;20719;33.7%;896.2 ;217.4%;15,702;18540,,
138;137;Whirlpool;93;134;20718;-0.8%;888.0 ;13.4%;19,153;12762,,
139;138;Southwest Airlines;53536;142;20425;3.1%;2,244.0 ;2.9%;23,286;33076,
140;139;Emerson Electric;1035;128;20268;-9.1%;1,635.0 ;-39.7%;21,743;38614,
141;140;Staples;61503;132;20217;-4.0%;-1,497.0 ;-494.8%;8,271;5723,
142;141;Plains GP Holdings;51;121;20182;-12.8%;94.0 ;-20.3%;26,103;9127,,
143;142;Penske Automotive Group;24;143;20143;4.0%;342.9 ;5.2%;8,861;4001,,
144;143;Union Pacific;42919;129;19941;-8.6%;4,233.0 ;-11.3%;55,718;85911,
145;144;Danaher;62;133;19912;-4.8%;2,553.7 ;-23.9%;45,295;59359,
146;145;Southern;32015;162;19896;13.8%;2,448.0 ;3.4%;109,697;49335,
147;146;ManpowerGroup;28;144;19654;1.7%;443.7 ;5.8%;7,574;6938,,
148;147;Bristol-Myers Squibb;25;168;19427;17.3%;4,457.0 ;184.8%;33,707;89591,
149;148;Altria Group;83;149;19337;2.6%;14,239.0 ;171.7%;45,932;138513,
150;149;Fluor;61551;155;19037;5.1%;281.4 ;-31.8%;9,216;7353,,
151;150;Kohl;85;145;18686;-2.7%;556.0 ;-17.4%;13,574;6862,,
152;151;Lear;1484;154;18558;1.9%;975.1 ;30.8%;9,901;9726,,
153;152;Jabil Circuit;138;158;18353;2.5%;254.1 ;-10.5%;10,323;5270,,
154;153;Hartford Financial Services Group;169;152;18300;-0.4%;896.0 ;-46.7%;223,432;17795,,
155;154;Thermo Fisher Scientific;548;164;18274;7.7%;2,021.8 ;2.3%;45,908;59964,
156;155;Kimberly-Clark;42;151;18202;-2.1%;2,166.0 ;113.8%;14,602;46828,
157;156;Molina Healthcare;21;201;17782;25.4%;52.0 ;-63.6%;7,449;2601,,
158;157;PG&E Corp.;24;166;17666;4.9%;1,393.0 ;59.4%;68,598;33696,
159;158;Supervalu;38;160;17529;-1.6%;178.0 ;-7.3%;4,370;1033,,
160;159;Cummins;554;148;17509;-8.4%;1,394.0 ;-0.4%;15,011;25397,
161;160;CenturyLink;40;159;17470;-2.4%;626.0 ;-28.7%;47,017;12883,,
162;161;AECOM;87;156;17411;-3.2%;96.1 ;0;13,727;5528,,
163;162;Xerox;1336;150;17126;-8.2%;-477.0 ;-200.6%;18,145;7462,,
164;163;Marriott International;2265;195;17072;17.9%;780.0 ;-9.2%;24,140;36124,,
165;164;Paccar;23;147;17033;-10.9%;521.7 ;-67.5%;20,639;23604,,
166;165;General Mills;39;161;16563;-6.1%;1,697.4 ;39.0%;21,712;33998,
167;166;PNC Financial Services Group;50683;171;16423;0.9%;3,903.0 ;-4.9%;366,380;58455,
168;167;American Electric Power;17634;165;16380;-3.1%;610.9 ;-70.2%;63,468;33009,,
169;168;Icahn Enterprises;9098;184;16348;7.0%;-1,128.0 ;0;33,335;7989,
170;169;Nucor;239;170;16208;-1.4%;796.3 ;122.6%;15,224;19051,,
171;170;NextEra Energy;147;163;16155;-7.6%;2,912.0 ;5.8%;89,993;60099,
172;171;Performance Food Group;13;185;16105;5.5%;68.3 ;20.9%;3,455;2464,,
173;172;PBF Energy;3165;217;15920;21.3%;170.8 ;16.7%;7,622;2431,,
174;173;Halliburton;50;117;15887;-32.8%;-5,763.0 ;0;27,000;42662,
175;174;CarMax;22429;191;15833;6.4%;623.4 ;4.4%;14,482;11081,,
176;175;Freeport-McMoRan;30;175;15789;-0.6%;-4,154.0 ;0;37,317;19310,
177;176;Whole Foods Market;73515;181;15724;2.2%;507.0 ;-5.4%;6,341;9468,,
178;177;Bank of New York Mellon Corp.;52;179;15683;1.0%;3,547.0 ;12.3%;333,469;48913,
179;178;Gap;135;177;15516;-1.8%;676.0 ;-26.5%;7,610;9712,,
180;179;Omnicom Group;785;186;15417;1.9%;1,148.6 ;5.0%;23,165;20219,
181;180;Genuine Parts;40;183;15340;0.4%;687.2 ;-2.6%;8,859;13712,,
182;181;DaVita HealthCare Partners;703;200;15197;6.9%;879.9 ;226.2%;18,741;13227,,
183;182;Colgate-Palmolive;367;174;15195;-5.2%;2,441.0 ;76.4%;12,123;64715,
184;183;PPG Industries;47;182;15178;-1.0%;877.0 ;-37.6%;15,769;26970,,
185;184;Goodyear Tire & Rubber;66;169;15158;-7.8%;1,264.0 ;311.7%;16,511;9070,
186;185;Synchrony Financial;15;;15122;11.0%;2,251.0 ;1.7%;90,207;27810,
187;186;DISH Network;16;187;15095;0.2%;1,449.9 ;94.1%;28,092;29547,
188;187;Visa;142;204;15082;8.7%;5,991.0 ;-5.3%;64,035;206242,
189;188;Nordstrom;725;197;14757;2.2%;354.0 ;-41.0%;7,858;7770,,
190;189;INTL FCStone;1464;83;14755;-57.5%;54.7 ;-1.8%;5,951;708,,
191;190;WestRock;39;251;14706;29.2%;-396.3 ;-178.2%;23,038;13029,,
192;191;XPO Logistics;87;353;14619;91.8%;69.0 ;0;11,698;5338,,
193;192;Aramark;21725;199;14416;0.6%;287.8 ;22.0%;10,582;9081,,
194;193;CBS;1841;203;14386;3.6%;1,261.0 ;-10.8%;24,238;28405,
195;194;AES;19;190;14287;-4.5%;-1,130.0 ;-469.3%;36,119;7371,
196;195;WellCare Health Plans;74;202;14237;2.5%;242.1 ;104.1%;6,153;6212,,
197;196;FirstEnergy;15707;188;14156;-3.1%;-6,177.0 ;0;43,148;14118,
198;197;ConAgra Foods;209;176;14134;-10.8%;-677.0 ;0;13,391;17557,,
199;198;Synnex;110;212;14062;5.4%;234.9 ;12.7%;5,223;4469,,
200;199;CDW;8516;220;13982;7.6%;424.4 ;5.3%;6,948;9197,,
201;200;Textron;36;209;13788;2.7%;962.0 ;38.0%;15,358;12851,,
202;201;Waste Management;412;221;13609;5.0%;1,182.0 ;57.0%;20,859;32216,
203;202;Illinois Tool Works;50;211;13599;1.4%;2,035.0 ;7.2%;15,201;45791,
204;203;Office Depot;38;196;13585;-6.2%;529.0 ;0;5,540;2402,,
205;204;Monsanto;2245;189;13502;-10.0%;1,336.0 ;-42.3%;19,736;49644,
206;205;Cognizant Technology Solutions;2602;230;13487;8.6%;1,553.0 ;-4.3%;14,262;36226,
207;206;Texas Instruments;29865;219;13370;2.8%;3,595.0 ;20.4%;16,431;80531,
208;207;Lincoln National;9057;205;13330;-1.8%;1,192.0 ;3.3%;261,627;14760,
209;208;Newell Brands;534;434;13264;122.1%;527.8 ;50.8%;33,838;22787,,
210;209;Land O;10;215;13233;0.6%;244.9 ;-20.4%;8,305;0,,
211;210;Marsh & McLennan;60;222;13211;2.5%;1,768.0 ;10.6%;18,190;38078,
212;211;Ecolab;47565;206;13153;-2.9%;1,229.6 ;22.7%;18,330;36356,
213;212;C.H. Robinson Worldwide;14125;208;13144;-2.5%;513.4 ;0.7%;3,688;10958,,
214;213;Loews;158;210;13105;-2.3%;654.0 ;151.5%;76,594;15747,,
215;214;CBRE Group;75;259;13072;20.4%;572.0 ;4.5%;10,780;11753,,
216;215;Kinder Morgan;11121;198;13058;-9.3%;708.0 ;179.8%;80,305;48533,,
217;216;Kellogg;37369;207;13014;-3.8%;694.0 ;13.0%;15,111;25417,,
218;217;Western Digital;72878;194;12994;-10.8%;242.0 ;-83.5%;32,862;23775,,
219;218;Guardian Life Ins. Co. of America;8876;226;12919;2.3%;263.9 ;-35.7%;70,339;0,,
220;219;Ross Stores;786;237;12867;7.8%;1,117.7 ;9.5%;5,309;25814,
221;220;L Brands;591;234;12574;3.5%;1,158.1 ;-7.6%;8,170;13426,
222;221;J.C. Penney;106;228;12547;-0.6%;1.0 ;0;9,314;1901,,
223;222;Farmers Insurance Exchange;13309;227;12513;-0.9%;-147.9 ;0;16,057;0,,
224;223;Reynolds American;5525;266;12503;17.1%;6,073.0 ;86.7%;51,095;89862,
225;224;Viacom;965;213;12488;-5.9%;1,438.0 ;-25.2%;22,508;18503,
226;225;Becton Dickinson;50928;278;12483;21.4%;976.0 ;40.4%;25,586;39041,,
227;226;Micron Technology;314;173;12399;-23.4%;-276.0 ;-109.5%;27,540;31972,,
228;227;Principal Financial;14854;236;12394;3.6%;1,316.5 ;6.7%;228,014;18143,
229;228;Arconic;415;126;12394;-45.0%;-941.0 ;0;20,038;11604,,
230;229;NRG Energy;8763;193;12351;-15.8%;-774.0 ;0;30,355;5911,,
231;230;VF;69;231;12207;-1.4%;1,074.1 ;-12.8%;9,739;22786,
232;231;Devon Energy;3545;216;12197;-7.2%;-3,302.0 ;0;25,913;21886,
233;232;D.R. Horton;6976;260;12157;12.3%;886.3 ;18.1%;11,559;12438,,
234;233;Bed Bath & Beyond;62;238;12104;1.9%;841.5 ;-12.1%;6,499;5931,,
235;234;Consolidated Edison;1496;229;12075;-3.8%;1,245.0 ;4.4%;48,255;23708,
236;235;Edison International;1239;246;11869;3.0%;1,311.0 ;28.5%;51,319;25938,
237;236;Sherwin-Williams;4255;253;11856;4.6%;1,132.7 ;7.5%;6,753;28891,
238;237;NGL Energy Partners;32;167;11742;-30.1%;-198.9 ;-633.2%;5,560;2686,,
239;238;Dominion Resources;162;243;11737;0.5%;2,123.0 ;11.8%;71,610;48732,
240;239;Ameriprise Financial;13195;232;11735;-3.8%;1,314.0 ;-15.9%;139,821;19953,
241;240;ADP;57;248;11668;1.7%;1,492.5 ;2.8%;43,670;45963,
242;241;Hilton Worldwide Holdings;169;254;11663;3.5%;348.0 ;-75.2%;26,211;19276,,
243;242;First Data;24;249;11584;1.2%;420.0 ;0;40,292;14224,,
244;243;Henry Schein;21;268;11572;8.9%;506.8 ;5.8%;6,730;13461,,
245;244;Toys ;64;240;11540;-2.2%;-36.0 ;0;6,908;0,,
246;245;BB&T Corp.;375;273;11538;11.5%;2,426.0 ;16.4%;219,276;36141,
247;246;Reinsurance Group of America;2371;271;11522;10.6%;701.4 ;39.7%;53,098;8169,,
248;247;Core-Mark Holding;7688;317;11507;29.9%;54.2 ;5.2%;1,497;1445,,
249;248;Biogen;74;263;11449;6.4%;3,702.8 ;4.4%;22,877;59046,
250;249;Las Vegas Sands;49;241;11410;-2.4%;1,670.0 ;-15.1%;20,469;45313,
251;250;Stanley Black & Decker;54023;256;11407;1.7%;965.3 ;9.2%;15,635;20280,,
252;251;Parker-Hannifin;4895;224;11361;-10.6%;806.8 ;-20.3%;12,057;21370,,
253;252;Stryker;33;287;11325;13.9%;1,647.0 ;14.5%;20,435;49115,
254;253;Estee Lauder;46;261;11262;4.5%;1,114.6 ;2.4%;9,223;31068,
255;254;Celgene;7132;305;11229;21.3%;1,999.2 ;24.8%;28,086;96802,
256;255;BlackRock;13;250;11155;-2.2%;3,172.0 ;-5.2%;220,177;62225,
257;256;Xcel Energy;11476;257;11107;0.7%;1,123.4 ;14.1%;41,155;22546,
258;257;CSX;26628;239;11069;-6.3%;1,714.0 ;-12.9%;35,414;43126,
259;258;Unum Group;94;265;11047;2.9%;931.4 ;7.4%;61,942;10749,,
260;259;Jacobs Engineering Group;4935;235;10964;-9.5%;210.5 ;-30.5%;7,360;6693,,
261;260;Lennar;8335;301;10950;15.6%;911.8 ;13.6%;15,362;12002,,
262;261;Group 1 Automotive;135;267;10888;2.4%;147.1 ;56.5%;4,462;1584,,
263;262;Leucadia National;13;242;10875;-6.9%;130.0 ;-54.2%;45,071;9355,,
264;263;Entergy;13513;247;10846;-5.8%;-583.6 ;0;45,904;13685,,
265;264;PayPal Holdings;181;307;10842;17.2%;1,401.0 ;14.1%;33,103;51650,
266;265;Applied Materials;1615;295;10825;12.1%;1,721.0 ;25.0%;14,588;42005,
267;266;Voya Financial;67;252;10782;-4.9%;-428.0 ;-204.8%;214,235;7191,,
268;267;MasterCard;119;294;10776;11.5%;4,059.0 ;6.6%;18,675;121234,
269;268;Priceline Group;185;308;10743;16.5%;2,135.0 ;-16.3%;19,839;87522,
270;269;Liberty Interactive;2108;284;10647;6.6%;1,235.0 ;42.1%;20,355;9101,
271;270;AutoZone;6678;280;10636;4.4%;1,241.0 ;7.0%;8,600;20540,
272;271;State Street Corp.;33783;264;10635;-1.2%;2,143.0 ;8.2%;242,698;30406,
273;272;DTE Energy;10;274;10630;2.8%;868.0 ;19.4%;32,041;18317,,
274;273;L-3 Communications;38;245;10597;-8.3%;710.0 ;0;11,865;12859,,
275;274;HollyFrontier;2676;214;10536;-20.4%;-260.5 ;-135.2%;9,436;5048,,
276;275;Praxair;26498;262;10534;-2.2%;1,500.0 ;-3.0%;19,332;33834,
277;276;Universal Health Services;70863;290;10508;7.4%;702.4 ;3.2%;10,318;12022,,
278;277;Discover Financial Services;15549;283;10497;4.9%;2,393.0 ;4.2%;92,308;26255,
279;278;Occidental Petroleum;11;225;10398;-18.1%;-574.0 ;0;43,109;48444,,
280;279;United States Steel;298;244;10261;-11.3%;-440.0 ;0;9,160;5893,,
281;280;Sempra Energy;16575;279;10183;-0.5%;1,370.0 ;1.6%;47,786;27692,
282;281;Baxter International;48;286;10163;2.0%;4,965.0 ;412.9%;15,546;28106,
283;282;W.W. Grainger;25;285;10137;1.6%;605.9 ;-21.2%;5,694;13668,,
284;283;Autoliv;659;310;10074;9.9%;567.1 ;24.1%;8,234;9032,,
285;284;Norfolk Southern;27856;270;9888;-5.9%;1,668.0 ;7.2%;34,892;32515,
286;285;Baker Hughes;33;178;9841;-37.5%;-2,738.0 ;0;19,034;25444,
287;286;Ally Financial;76;298;9835;3.1%;1,067.0 ;-17.2%;163,728;9437,
288;287;Sonic Automotive;98;297;9732;1.1%;93.2 ;8.0%;3,639;900,,
289;288;Owens & Minor;79;291;9723;-0.5%;108.8 ;5.2%;2,718;2114,,
290;289;Huntsman;15;277;9657;-6.2%;326.0 ;250.5%;9,189;5880,,
291;290;Laboratory Corp. of America;52;325;9642;11.1%;732.1 ;67.6%;14,247;14696,,
292;291;Murphy USA;66;258;9633;-11.5%;221.5 ;25.6%;2,089;2706,,
293;292;Advance Auto Parts;575;293;9568;-1.7%;459.6 ;-2.9%;8,315;10944,,
294;293;Fidelity National Financial;55219;311;9554;4.6%;650.0 ;23.3%;14,463;10600,,
295;294;Air Products & Chemicals;1845;288;9524;-3.7%;631.1 ;-50.6%;18,055;29438,,
296;295;Hormel Foods;211;304;9523;2.8%;890.1 ;29.7%;6,370;18316,,
297;296;Hertz Global Holdings;36;269;9480;-10.0%;-491.0 ;-279.9%;19,155;1456,,
298;297;MGM Resorts International;665;309;9455;2.9%;1,101.4 ;0;28,173;15733,
299;298;Corning;407;313;9390;3.1%;3,695.0 ;176.0%;27,899;25030,
300;299;Republic Services;33;312;9388;3.0%;612.6 ;-18.3%;20,630;21312,,
301;300;Alcoa;14;;9318;-;-400.0 ;0;16,741;6337,,
302;301;Fidelity National Information Services;55;392;9241;40.1%;568.0 ;-10.1%;26,031;26178,,
303;302;Pacific Life;3628;326;9169;6.1%;824.0 ;24.7%;143,298;0,,
304;303;SunTrust Banks;24375;329;9161;7.4%;1,878.0 ;-2.8%;204,875;27175,
305;304;LKQ;425;369;9082;26.3%;464.0 ;9.6%;8,303;9021,,
306;305;BorgWarner;27;339;9071;13.1%;118.5 ;-80.6%;8,835;8895,,
307;306;Ball;1845;341;9061;13.3%;263.0 ;-6.4%;16,173;13000,,
308;307;CST Brands;1238;299;9061;-4.6%;324.0 ;117.4%;4,360;3645,,
309;308;Public Service Enterprise Group;13065;272;9061;-13.0%;887.0 ;-47.2%;40,070;22451,,
310;309;Eastman Chemical;14;296;9008;-6.6%;854.0 ;0.7%;15,457;11783,,
311;310;eBay;126;300;8979;-5.4%;7,266.0 ;321.2%;23,847;36232,
312;311;Mohawk Industries;378;338;8959;11.0%;930.4 ;51.2%;10,231;17025,,
313;312;Oneok;2384;348;8921;14.9%;352.0 ;43.7%;16,139;11684,,
314;313;Frontier Communications;28332;461;8896;59.5%;-373.0 ;0;29,013;2521,,
315;314;Netflix;385;379;8831;30.3%;186.7 ;52.2%;13,587;63619,,
316;315;American Family Insurance Group;10471;332;8829;6.6%;325.6 ;-53.1%;22,662;0,,
317;316;Thrivent Financial for Lutherans;3282;318;8777;-0.1%;587.8 ;-23.6%;88,561;0,,
318;317;Expedia;20075;385;8774;31.5%;281.8 ;-63.1%;15,778;18901,,
319;318;Lithia Motors;1117;346;8678;10.3%;197.1 ;7.7%;3,844;2156,,
320;319;Avis Budget Group;256;330;8659;1.8%;163.0 ;-47.9%;17,643;2528,,
321;320;Reliance Steel & Aluminum;145;303;8613;-7.9%;304.3 ;-2.3%;7,411;5830,,
322;321;GameStop;4175;302;8608;-8.1%;353.2 ;-12.3%;4,976;2282,,
323;322;Tenneco;31;334;8599;4.8%;363.0 ;47.0%;4,342;3390,,
324;323;O;58397;342;8593;7.9%;1,037.7 ;11.4%;7,204;24730,
325;324;Peter Kiewit Sons;20;314;8573;-4.7%;396.0 ;57.8%;6,179;0,,
326;325;United Natural Foods;9554;335;8470;3.5%;125.8 ;-9.3%;2,852;2187,,
327;326;salesforce.com;25;386;8392;25.9%;179.6 ;0;17,585;58362,,
328;327;Boston Scientific;27;359;8386;12.2%;347.0 ;0;18,096;34046,,
329;328;Newmont Mining;12438;349;8379;8.4%;-627.0 ;-385.0%;21,031;17518,,
330;329;Genworth Financial;34;306;8369;-9.5%;-277.0 ;0;104,658;2056,,
331;330;Live Nation Entertainment;115;366;8355;15.3%;2.9 ;0;6,764;6219,,
332;331;Veritiv;87;323;8327;-4.5%;21.0 ;-21.3%;2,484;813,,
333;332;News Corp.;24;327;8319;-3.6%;179.0 ;0;15,483;7559,,
334;333;Crown Holdings;23992;321;8284;-5.5%;496.0 ;26.2%;9,599;7367,,
335;334;Global Partners;177;276;8240;-20.1%;-199.4 ;-557.8%;2,564;663,,
336;335;PVH;2665;340;8203;2.3%;549.0 ;-4.1%;11,068;8092,,
337;336;Level 3 Communications;126;333;8172;-0.7%;677.0 ;-80.3%;24,888;20638,,
338;337;Navistar International;113;281;8111;-20.0%;-97.0 ;0;5,653;2416,,
339;338;Univar;87;315;8074;-10.1%;-68.4 ;-514.5%;5,390;4293,,
340;339;Campbell Soup;165;337;7961;-1.5%;563.0 ;-18.5%;7,837;17423,,
341;340;Dick;2755;365;7922;9.0%;287.4 ;-13.0%;4,058;5489,,
342;341;Weyerhaeuser;104;373;7902;11.6%;1,027.0 ;103.0%;19,243;25451,
343;342;Mutual of Omaha Insurance;5732;367;7899;9.2%;356.6 ;7.1%;38,465;0,,
344;343;Chesapeake Energy;33;223;7872;-38.3%;-4,401.0 ;0;13,028;5394,
345;344;Anadarko Petroleum;45;324;7869;-9.5%;-3,071.0 ;0;45,564;34640,
346;345;Interpublic Group;498;355;7847;3.1%;608.5 ;33.9%;12,485;9648,,
347;346;J.M. Smucker;691;452;7811;37.2%;688.7 ;99.7%;15,984;15263,,
348;347;Steel Dynamics;7695;356;7777;2.4%;382.1 ;0;6,424;8425,,
349;348;Foot Locker;32965;361;7766;4.8%;664.0 ;22.7%;3,840;9818,,
350;349;Western Refining;7134;289;7743;-20.9%;124.9 ;-69.3%;5,560;3812,,
351;350;SpartanNash;115;351;7735;1.1%;56.8 ;-9.4%;1,930;1313,,
352;351;Dean Foods;17;336;7710;-5.1%;119.9 ;0;2,606;1786,,
353;352;Zimmer Biomet Holdings;185;431;7684;28.1%;305.9 ;108.1%;26,684;24571,,
354;353;PulteGroup;4623;433;7669;28.2%;602.7 ;22.0%;10,178;7466,,
355;354;W.R. Berkley;7608;368;7654;6.2%;601.9 ;19.5%;23,365;8561,,
356;355;Quanta Services;281;352;7651;0.2%;198.4 ;-36.2%;5,354;5386,,
357;356;EOG Resources;265;322;7651;-12.6%;-1,096.7 ;0;29,459;56302,
358;357;Charles Schwab;162;401;7644;17.6%;1,889.0 ;30.5%;223,383;54555,
359;358;Eversource Energy;7762;343;7639;-4.0%;942.3 ;7.3%;32,053;18627,,
360;359;Anixter International;89;391;7625;15.6%;120.5 ;-5.6%;4,094;2626,,
361;360;EMCOR Group;31;381;7552;12.3%;181.9 ;5.6%;3,894;3756,,
362;361;Assurant;147;275;7532;-27.1%;565.4 ;299.4%;29,709;5298,,
363;362;CenterPoint Energy;7727;363;7528;1.9%;432.0 ;0;21,829;11882,,
364;363;Harris;21;505;7527;48.1%;324.0 ;-3.0%;11,996;13849,,
365;364;HD Supply Holdings;14;320;7524;-14.3%;196.0 ;-86.7%;5,707;8296,,
366;365;PPL;12689;350;7517;-2.0%;1,902.0 ;178.9%;38,315;25448,
367;366;Quest Diagnostics;43;358;7515;0.3%;645.0 ;-9.0%;10,100;13501,,
368;367;Williams;5604;364;7499;1.9%;-424.0 ;0;46,835;24436,,
369;368;WEC Energy Group;8074;437;7472;26.1%;939.0 ;47.1%;30,123;19134,,
370;369;Hershey;1714;362;7440;0.7%;720.0 ;40.4%;5,524;23236,,
371;370;AGCO;19795;360;7411;-0.8%;160.1 ;-39.9%;7,168;4783,,
372;371;Ralph Lauren;205;354;7405;-2.8%;396.0 ;-43.6%;6,213;6710,,
373;372;Masco;26;345;7357;-6.9%;491.0 ;38.3%;5,137;10888,,
374;373;WESCO International;9;357;7336;-2.4%;101.6 ;-51.8%;4,491;3389,,
375;374;LifePoint Health;47;430;7274;20.9%;121.9 ;-33.0%;6,319;2616,,
376;375;National Oilwell Varco;36384;192;7251;-50.9%;-2,412.0 ;0;21,140;15183,
377;376;Kindred Healthcare;7665;372;7227;1.8%;-664.2 ;0;6,113;711,,
378;377;Mosaic;87;316;7163;-19.5%;297.8 ;-70.2%;16,841;10242,,
379;378;Alliance Data Systems;17;404;7138;10.8%;515.8 ;-13.5%;25,514;13925,,
380;379;Computer Sciences;59;233;7106;-41.7%;251.0 ;0;7,736;9746,,
381;380;Huntington Ingalls Industries;37;378;7068;0.7%;573.0 ;41.8%;6,352;9265,,
382;381;Leidos Holdings;32;504;7043;38.5%;244.0 ;-3.9%;9,132;7696,,
383;382;Erie Insurance Group;4988;411;7016;5.7%;741.9 ;10.7%;18,417;0,,
384;383;Tesla;30025;588;7000;73.0%;-674.9 ;0;22,664;45390,,
385;384;Ascena Retail Group;41;523;6995;45.6%;-11.9 ;0;5,506;830,,
386;385;Darden Restaurants;150942;371;6934;-3.2%;375.0 ;-47.1%;4,583;10389,,
387;386;Harman International Industries;26;419;6912;12.3%;361.7 ;5.6%;6,054;0,,
388;387;Nvidia;10299;508;6910;37.9%;1,666.0 ;171.3%;9,841;64160,
389;388;R.R. Donnelley & Sons;4436;255;6896;-38.7%;-495.9 ;-428.2%;4,285;846,,
390;389;Fifth Third Bancorp;17844;376;6889;-2.0%;1,564.0 ;-8.6%;142,177;19066,
391;390;Quintiles Transnational Holdings;50;447;6878;19.9%;115.0 ;-70.3%;21,208;18999,,
392;391;Jones Lang LaSalle;773;436;6804;14.0%;318.2 ;-27.5%;7,629;5043,,
393;392;Dover;29;377;6794;-3.3%;508.9 ;-41.5%;10,116;12502,,
394;393;Spirit AeroSystems Holdings;144;389;6793;2.2%;469.7 ;-40.4%;5,405;6900,,
395;394;Ryder System;345;395;6787;3.3%;262.5 ;-13.9%;10,903;3992,,
396;395;A-Mark Precious Metals;83;426;6784;11.8%;9.3 ;31.5%;437;120,,,
397;396;Tractor Supply;195;415;6780;8.9%;437.1 ;6.5%;2,675;8960,,
398;397;Sealed Air;23;375;6778;-3.6%;486.4 ;45.0%;7,389;8432,,
399;398;Auto-Owners Insurance;4737;398;6775;4.0%;706.3 ;-13.4%;21,571;0,,
400;399;Yum China Holdings;420;;6752;-;502.0 ;0;3,727;10453,,
401;400;Calpine;2372;402;6716;3.8%;92.0 ;-60.9%;19,317;3989,,
402;401;Owens-Illinois;27;418;6702;8.9%;209.0 ;54.8%;9,135;3316,,
403;402;Targa Resources;197;387;6691;0.5%;-187.3 ;-421.3%;12,871;11743,,
404;403;JetBlue Airways;15986;405;6632;3.4%;759.0 ;12.1%;9,487;6875,,
405;404;Jones Financial;43;382;6632;-0.9%;746.0 ;-11.0%;19,424;0,,
406;405;Franklin Resources;9059;344;6618;-16.7%;1,726.7 ;-15.2%;16,099;23823,
407;406;Activision Blizzard;95;532;6608;41.7%;966.0 ;8.3%;17,452;37487,,
408;407;J.B. Hunt Transport Services;2219;416;6556;5.9%;432.1 ;1.1%;3,829;10212,,
409;408;Constellation Brands;9;429;6548;8.6%;1,054.9 ;25.7%;16,965;31775,
410;409;NCR;335;409;6543;2.7%;270.0 ;0;7,673;5620,,
411;410;Asbury Automotive Group;79;393;6528;-0.9%;167.2 ;-1.2%;2,336;1271,,
412;411;American Financial Group;76;421;6498;5.7%;649.0 ;84.4%;55,072;8303,,
413;412;Discovery Communications;7;406;6497;1.6%;1,194.0 ;15.5%;15,758;11306,
414;413;Berry Global Group;21;518;6489;32.9%;236.0 ;174.4%;7,653;6256,,
415;414;Sanmina;40178;408;6481;1.7%;187.8 ;-50.2%;3,625;3016,,
416;415;CalAtlantic Group;3055;640;6477;83.0%;484.7 ;127.0%;8,709;4291,,
417;416;Dr Pepper Snapple Group;20;413;6440;2.5%;847.0 ;10.9%;9,791;17997,,
418;417;Dillard;308;380;6418;-5.0%;169.2 ;-37.2%;3,888;1645,,
419;418;HRG Group;16021;441;6403;10.1%;-198.8 ;0;35,793;3869,,
420;419;CMS Energy;775;403;6399;-0.9%;551.0 ;5.4%;21,622;12528,,
421;420;Graybar Electric;85;423;6385;4.5%;93.1 ;2.2%;2,099;0,,
422;421;Builders FirstSource;14;637;6367;78.6%;144.3 ;0;2,910;1669,,
423;422;Yum Brands;90;218;6366;-51.4%;1,619.0 ;25.2%;5,478;22611,
424;423;Casey;24724;374;6304;-10.6%;226.0 ;25.1%;2,726;4400,,
425;424;Amphenol;62;462;6286;12.9%;822.9 ;7.8%;8,499;21897,,
426;425;Oshkosh;138;424;6279;3.0%;216.4 ;-5.7%;4,514;5118,,
427;426;iHeartMedia;187;414;6274;0.5%;-296.3 ;0;12,862;330,,
428;427;TreeHouse Foods;16027;686;6175;92.6%;-228.6 ;-298.9%;6,546;4813,,
429;428;Alleghany;342;509;6131;22.6%;456.9 ;-18.5%;23,757;9476,,
430;429;Expeditors International of Washington;16;390;6098;-7.8%;430.8 ;-5.8%;2,791;10208,,
431;430;Avery Dennison;25;435;6087;2.0%;320.7 ;16.9%;4,396;7157,,
432;431;Ameren;8629;425;6076;-0.4%;653.0 ;3.7%;24,699;13245,,
433;432;Hanesbrands;678;448;6063;5.8%;539.4 ;25.8%;6,908;7733,,
434;433;Motorola Solutions;14;451;6038;6.0%;560.0 ;-8.2%;8,463;14131,,
435;434;St. Jude Medical;18;465;6004;8.4%;734.0 ;-16.6%;12,578;0,,
436;435;Harley-Davidson;6;432;5997;-;692.2 ;-8.0%;9,890;10626,,
437;436;Regions Financial;22166;453;5967;5.2%;1,163.0 ;9.5%;125,968;17512,
438;437;Intercontinental Exchange;5631;529;5958;27.3%;1,422.0 ;11.6%;82,003;35530,
439;438;Alaska Air Group;19112;459;5931;5.9%;814.0 ;-4.0%;9,962;11407,,
440;439;Old Republic International;85;442;5901;2.3%;466.9 ;10.6%;18,592;5382,,
441;440;Lam Research;75;491;5886;11.9%;914.0 ;39.4%;12,272;20903,,
442;441;AK Steel Holding;85;383;5883;-12.1%;-7.8 ;0;4,036;2263,,
443;442;Rockwell Automation;22;412;5880;-6.8%;729.7 ;-11.8%;7,101;20024,,
444;443;Adobe Systems;15706;524;5854;22.1%;1,168.8 ;85.7%;12,707;64375,
445;444;Avon Products;264;370;5853;-18.4%;-107.6 ;0;3,419;1933,,
446;445;Terex;181;396;5841;-10.7%;-176.1 ;-220.7%;5,007;3250,,
447;446;NVR;49;498;5835;12.9%;425.3 ;11.1%;2,644;7851,,
448;447;Dana Holding;249;428;5826;-3.9%;640.0 ;302.5%;4,860;2783,,
449;448;Realogy Holdings;118;449;5810;1.8%;213.0 ;15.8%;7,421;4173,,
450;449;American Tower;4507;526;5786;21.3%;956.4 ;39.6%;30,879;51921,,
451;450;Packaging Corp. of America;14;446;5779;0.6%;449.6 ;2.9%;5,777;8631,,
452;451;Citizens Financial Group;176;486;5763;9.2%;1,045.0 ;24.4%;149,520;17597,
453;452;United Rentals;125;440;5762;-0.9%;566.0 ;-3.2%;11,988;10561,,
454;453;Clorox;8;455;5761;1.7%;648.0 ;11.7%;4,518;17294,,
455;454;Genesis Healthcare;82;457;5733;2.0%;-64.0 ;0;5,779;408,,
456;455;M&T Bank Corp.;16487;510;5722;14.5%;1,315.1 ;21.8%;123,449;23792,
457;456;Ingredion;11;456;5704;1.5%;484.9 ;20.6%;5,782;8646,,
458;457;UGI;13105;384;5686;-15.0%;364.7 ;29.8%;10,847;8543,,
459;458;Owens Corning;16;480;5677;6.1%;393.0 ;19.1%;7,741;6910,,
460;459;S&P Global;20;481;5661;6.6%;2,106.0 ;82.2%;8,669;33805,
461;460;Markel;109;476;5612;4.5%;455.7 ;-21.8%;25,875;13623,,
462;461;Wyndham Worldwide;378;466;5599;1.1%;611.0 ;-0.2%;9,819;8829,,
463;462;Arthur J. Gallagher;2479;471;5595;3.8%;414.4 ;16.1%;11,490;10148,,
464;463;Burlington Stores;40;500;5591;9.0%;215.9 ;43.5%;2,575;6836,,
465;464;First American Financial;19531;497;5576;7.7%;343.0 ;19.1%;8,832;4332,,
466;465;Symantec;11;400;5568;-14.4%;2,488.0 ;183.4%;11,767;18986,
467;466;Patterson;7;559;5555;27.0%;187.2 ;-16.2%;3,521;4393,,
468;467;Olin;64;761;5551;94.5%;-3.9 ;0;8,763;5444,,
469;468;NetApp;1203;422;5546;-9.4%;229.0 ;-59.1%;10,037;11339,,
470;469;Raymond James Financial;119;482;5520;4.0%;529.4 ;5.4%;31,594;10958,,
471;470;TravelCenters of America;20259;439;5511;-5.8%;-2.0 ;-107.3%;1,660;241,,
472;471;Fiserv;23;492;5505;4.8%;930.0 ;30.6%;9,743;24741,,
473;472;Host Hotels & Resorts;220;472;5488;1.9%;762.0 ;36.6%;11,408;13794,,
474;473;Insight Enterprises;593;474;5486;2.1%;84.7 ;11.7%;2,219;1458,,
475;474;Mattel;32;450;5457;-4.3%;318.0 ;-13.9%;6,494;8770,,
476;475;AmTrust Financial Services;8;531;5451;18.1%;411.0 ;-8.8%;22,615;3158,,
477;476;Cincinnati Financial;4754;499;5449;6.0%;590.7 ;-6.8%;20,386;11911,,
478;477;Simon Property Group;405;488;5435;3.2%;1,838.9 ;0.6%;31,104;53732,
479;478;Western Union;107;468;5423;-1.1%;253.2 ;-69.8%;9,420;9691,,
480;479;KeyCorp;157;540;5422;19.4%;791.0 ;-13.6%;136,453;19238,,
481;480;Delek US Holdings;1326;445;5414;-6.0%;-153.7 ;-892.3%;2,985;1504,,
482;481;Booz Allen Hamilton Holding;226;487;5406;2.5%;294.1 ;26.5%;3,010;5307,,
483;482;Chemours;7;;5400;-;7.0 ;0;6,060;7080,,
484;483;Western & Southern Financial Group;2178;479;5398;0.8%;241.2 ;-47.2%;43,831;0,,
485;484;Celanese;7293;453;5389;-5.0%;900.0 ;196.1%;8,357;12643,,
486;485;Windstream Holdings;1187;443;5387;-6.6%;-383.5 ;0;11,770;1038,,
487;486;Seaboard;11781;460;5379;-3.8%;312.0 ;82.5%;4,755;4881,,
488;487;Essendant;66;477;5369;0.1%;63.9 ;0;2,164;568,,
489;488;Apache;3727;388;5354;-19.5%;-1,405.0 ;0;22,519;19547,
490;489;Airgas;17;484;5314;0.2%;337.5 ;-8.3%;6,135;0,,
491;490;Kelly Services;75;467;5277;-4.4%;120.8 ;124.5%;2,028;836,,
492;491;Liberty Media;3626;525;5276;10.0%;680.0 ;962.5%;31,377;13055,,
493;492;Rockwell Collins;19;490;5259;-0.1%;728.0 ;6.1%;7,707;12711,,
494;493;Robert Half International;164;503;5250;3.1%;343.4 ;-4.0%;1,778;6240,,
495;494;CH2M Hill;20;478;5236;-2.3%;15.0 ;-81.3%;2,671;0,,
496;495;Big Lots;2315;495;5200;0.2%;152.8 ;7.0%;1,608;2180,,
497;496;Michaels Cos.;31;517;5197;5.8%;378.2 ;4.2%;2,148;4229,,
498;497;Toll Brothers;42;576;5170;23.9%;382.1 ;5.2%;9,737;5872,,
499;498;Yahoo;85;513;5169;4.0%;-214.3 ;0;48,083;44391,,
500;499;Vistra Energy;4431;;5164;-;-;0;15,167;6968,,
501;500;ABM Industries;110;485;5145;-2.8%;57.2 ;-25.0%;2,281;2428,,
